{"cameraMode":{"drawMode":0,"name":"Shaded","section":"Shading Mode"},"sceneLighting":true,"audioPlay":false,"sceneViewState":{"showFog":true,"showMaterialUpdate":false,"showSkybox":true,"showFlares":true,"showImageEffects":true,"showParticleSystems":true},"in2DMode":false,"pivot":{"x":26.14812469482422,"y":-57.637115478515628,"z":-14.040283203125},"rotation":{"x":0.6104447841644287,"y":-0.024938266724348069,"z":0.019236216321587564,"w":0.7914395928382874},"size":257.4293212890625,"orthographic":true}